[
  {
    "dateClose": "2021-03-31",
    "dateOpen": "2010-01-01",
    "description": "(also known as Google Short Links) was a URL shortening service. It also supported custom domain for customers of Google Workspace (formerly G Suite (formerly Google Apps)).",
    "link": "https://github.com/codyogden/killedbygoogle/issues/865",
    "name": "Google Go Links",
    "type": "service"
  },
  {
    "dateClose": "2021-01-26",
    "dateOpen": "2016-04-05",
    "description": "Tilt Brush was a room-scale 3D-painting virtual-reality application available from Google, originally developed by Skillman & Hackett. .",
    "link": "https://www.tiltbrush.com/",
    "name": "Tilt Brush",
    "type": "app"
  },
  {
    "dateClose": "2022-01-05",
    "dateOpen": "2015-05-28",
    "description": "Android Things was an Android-based embedded operating system (originally named Brillo) aimed to run on Internet of Things (IoT) devices.",
    "link": "https://android-developers.googleblog.com/2019/02/an-update-on-android-things.html",
    "name": "Android Things",
    "type": "service"
  },
  {
    "dateClose": "2020-06-24",
    "dateOpen": "2018-09-01",
    "description": "Pigeon Transit was a transit app that used croudsourced information about delays, crowded trains, escalator outages, live entertainment, dirty or unsafe conditions.",
    "link": "https://www.slashgear.com/pigeon-crowdsourced-transit-app-experiment-is-shutting-down-11624401/",
    "name": "Pigeon Transit",
    "type": "app"
  },
  {
    "dateClose": "2020-05-13",
    "dateOpen": "2008-08-19",
    "description": "Enhanced 404 Pages was a JavaScript library that added suggested URLs and a search box to a website's 404 Not Found page.",
    "link": "https://webmasters.googleblog.com/2008/08/make-your-404-pages-more-useful.html",
    "name": "Enhanced 404 Pages",
    "type": "service"
  },
  {
    "dateClose": "2020-08-31",
    "dateOpen": "2019-02-05",
    "description": "Password Checkup provided a warning to users if they were using a username and password combination checked against over 4 billion credentials that Google knew to be unsafe.",
    "link": "https://9to5google.com/2020/07/30/password-checkup-chrome-extension/",
    "name": "Password Checkup extension",
    "type": "app"
  },
  {
    "dateClose": "2020-06-30",
    "dateOpen": "2020-02-01",
    "description": "Google Photos Print was a subscription service that automatically selected the best ten photos from the last thirty days which were mailed to user's homes.",
    "link": "https://www.forbes.com/sites/paulmonckton/2020/06/20/google-photos-featue-cancellation-auto-print-selection/#19631af66294",
    "name": "Google Photos Print",
    "type": "service"
  },
  {
    "dateClose": "2020-10-22",
    "dateOpen": "2011-11-16",
    "description": "Google Play Music was a music and podcast streaming service, and online music locker.",
    "link": "https://youtube.googleblog.com/2020/05/youtube-music-transfer-google-play-music-library.html",
    "name": "Google Play Music",
    "type": "service"
  },
  {
    "dateClose": "2020-05-12",
    "dateOpen": "2019-06-10",
    "description": "Shoelace was an app used to find group activities with others who share your interests.",
    "link": "https://9to5google.com/2020/04/28/shoelace-area-120-shutdown/",
    "name": "Shoelace",
    "type": "app"
  },
  {
    "dateClose": "2020-05-12",
    "dateOpen": "2018-05-31",
    "description": " Neighbourly was a mobile app designed to help you learn about your neighborhood by asking other residents, and find out about local services and facilities in your area from people who live around you.",
    "link": "https://thenextweb.com/google/2020/04/02/google-is-shutting-down-its-neighbourly-app/",
    "name": "Neighbourly",
    "type": "app"
  },
  {
    "dateClose": "2020-03-19",
    "dateOpen": "2018-05-09",
    "description": "Material Theme Editor is a plugin for Sketch App which allows you to create a material based design system for your app.",
    "link": "https://medium.com/google-design/whats-next-for-material-design-s-theming-tools-f65014ffcce7",
    "name": "Material Theme Editor",
    "type": "app"
  },
  {
    "dateClose": "2020-02-17",
    "dateOpen": "2015-09-27",
    "description": "Google Station is a service which gives partners an easy set of tools to roll-out Wi-Fi hotspots in public places. Google Station provides software and guidance on hardware to turn fiber connections into fast, reliable and safe Wi-Fi zones.",
    "link": "https://india.googleblog.com/2020/02/five-years-400-stations-and-thousands.html",
    "name": "Google Station",
    "type": "service"
  },
  {
    "dateClose": "2020-02-06",
    "dateOpen": "2013-04-18",
    "description": "One Today was an app that allowed users to donate $1 to different organizations and discover how their donation would be used.",
    "link": "https://techcrunch.com/2013/04/18/googles-one-today-app-aims-to-make-charitable-donations-a-more-social-and-frequent-experience/",
    "name": "One Today",
    "type": "app"
  },
  {
    "dateClose": "2021-01-19",
    "dateOpen": "2016-11-30",
    "description": "App Maker was a tool that allowed its users to build and deploy custom business apps easily and securely on the web without writing much code.",
    "link": "https://en.wikipedia.org/wiki/Google_App_Maker",
    "name": "App Maker",
    "type": "service"
  },
  {
    "dateClose": "2018-01-12",
    "dateOpen": "2016-06-30",
    "description": "SoundStage was a virtual reality music sandbox built specifically for room-scale VR.",
    "link": "https://github.com/googlearchive/soundstagevr",
    "name": "SoundStage",
    "type": "service"
  },
  {
    "dateClose": "2020-12-31",
    "dateOpen": "2010-04-16",
    "description": "Google Cloud Print allowed users to 'print from anywhere;' to print from web, desktop, or mobile to any Google Cloud Print-connected printer.",
    "link": "https://9to5google.com/2019/11/21/google-cloud-print-dead-2020/",
    "name": "Google Cloud Print",
    "type": "service"
  },
  {
    "dateClose": "2019-03-13",
    "dateOpen": "2013-10-01",
    "description": "Google Spotlight Stories was a app associated with a content studio with build award winning immersive storytelling experiences specifically for mobile VR headsets.",
    "link": "https://variety.com/2019/digital/news/google-spotlight-stories-shutting-down-1203163117/",
    "name": "Google Spotlight Stories",
    "type": "service"
  },
  {
    "dateClose": "2019-10-17",
    "dateOpen": "2017-06-01",
    "description": "Datally (formerly Triangle) was a smart app by Google that helped you save, manage, and share your mobile data.",
    "link": "https://thenextweb.com/google/2019/10/17/googles-datally-app-for-saving-on-mobile-data-is-dead/",
    "name": "Datally",
    "type": "app"
  },
  {
    "dateClose": "2011-06-05",
    "dateOpen": "1997-09-15",
    "description": "Google Specialized Search allowed users to search across a limited index of the web for specialised topics like Linux, Microsoft, and 'Uncle Sam.'",
    "link": "https://www.seroundtable.com/google-uncle-sam-13518.html",
    "name": "Google Specialized Search",
    "type": "service"
  },
  {
    "dateClose": "2019-10-15",
    "dateOpen": "2017-10-04",
    "description": "Google Clips was a miniature clip-on camera that could automatically capture interesting or relevant video clips determined by machine learning algorithms.",
    "link": "https://en.wikipedia.org/wiki/Google_Clips",
    "name": "Google Clips",
    "type": "hardware"
  },
  {
    "dateClose": "2019-10-15",
    "dateOpen": "2016-11-10",
    "description": "Google Daydream was a virtual reality platform and set of hardware devices that worked with certain Android phones.",
    "link": "https://en.wikipedia.org/wiki/Google_Daydream",
    "name": "Google Daydream",
    "type": "hardware"
  },
  {
    "dateClose": "2019-11-22",
    "dateOpen": "2018-01-26",
    "description": "Google Bulletin was a hyperlocal news service where users could post news from their neighborhood and allow others in the same areas to hear those stories.",
    "link": "https://www.androidpolice.com/2019/09/26/googles-hyperlocal-news-app-bulletin-is-shutting-down/",
    "name": "Google Bulletin",
    "type": "service"
  },
  {
    "dateClose": "2019-11-17",
    "dateOpen": "2018-09-18",
    "description": "Touring Bird was an Area 120 incubator project which helped users compare prices, book tours, tickets, and experiences, and learn about top destinations around the world.",
    "link": "https://9to5google.com/2019/10/22/google-touring-bird/",
    "name": "Touring Bird",
    "type": "service"
  },
  {
    "dateClose": "2019-10-02",
    "dateOpen": "2010-07-07",
    "description": "YouTube Leanback was an optimized version of YouTube used for television web browsers and webview application wrappers.",
    "link": "https://9to5google.com/2019/09/16/youtube-leanback-tv-interface-disabled-soon/",
    "name": "YouTube Leanback",
    "type": "service"
  },
  {
    "dateClose": "2019-09-03",
    "dateOpen": "2013-11-29",
    "description": "YouTube app for Nintendo 3DS, 2DS, and New 3DS allowed users to stream YouTube videos on the portable gaming console.",
    "link": "https://9to5google.com/2019/08/26/youtube-nintendo-3ds-app-shut-down/",
    "name": "YouTube for Nintendo 3DS",
    "type": "app"
  },
  {
    "dateClose": "2020-09-01",
    "dateOpen": "2017-07-18",
    "description": "Google Hire was an applicant tracking system to help small to medium businesses distribute jobs, identify and attract candidates, build strong relationships with candidates, and efficiently manage the interview process.",
    "link": "https://www.theverge.com/2019/8/28/20837004/google-hire-next-tool-shut-down-service-jobs-hiring-recruiting-inbox-allo",
    "name": "Hire by Google",
    "type": "service"
  },
  {
    "dateClose": "2019-12-15",
    "dateOpen": "2011-05-25",
    "description": "Google Correlate was a service that provided users information about how strongly the frequency of multiple search terms correlates with each other over a specified time interval.",
    "link": "https://de.wikipedia.org/wiki/Google_Correlate",
    "name": "Google Correlate",
    "type": "service"
  },
  {
    "dateClose": "2019-09-18",
    "dateOpen": "2017-08-07",
    "description": "YouTube Messages was a direct messaging feature that allowed users to share and discuss videos one-on-one and in groups on YouTube.",
    "link": "https://9to5google.com/2019/08/20/youtube-killing-messages",
    "name": "YouTube Messages",
    "type": "service"
  },
  {
    "dateClose": "2019-09-30",
    "dateOpen": "2011-01-27",
    "description": "Follow Your World allowed users to register points of interest on Google Maps and receive email updates whenever the imagery is updated.",
    "link": "https://maps.googleblog.com/2011/01/sign-up-for-imagery-update-alert.html",
    "name": "Follow Your World",
    "type": "service"
  },
  {
    "dateClose": "2019-06-15",
    "dateOpen": "2018-09-07",
    "description": "Blog Compass was a blog management tool that integrated with WordPress and Blogger available only in India.",
    "link": "https://9to5google.com/2019/07/15/google-kills-blog-compass/",
    "name": "Blog Compass",
    "type": "app"
  },
  {
    "dateClose": "2009-08-05",
    "dateOpen": "2007-01-01",
    "description": "Google Radio Automation was a hardware and software service used by radio operators to automate song playing among other radio station functions.",
    "link": "https://en.wikipedia.org/wiki/List_of_Google_products#2018",
    "name": "Google Radio Automation",
    "type": "hardware"
  },
  {
    "dateClose": "2017-09-20",
    "dateOpen": "2010-06-15",
    "description": "YouTube Video Editor was a web-based tool for editing, merging, and adding special effects to video content.",
    "link": "https://mashable.com/2017/07/23/youtube-kills-video-editor-tool/",
    "name": "YouTube Video Editor",
    "type": "service"
  },
  {
    "dateClose": "2016-05-15",
    "dateOpen": "2012-05-02",
    "description": "Revolv was a monitoring and control system that allowed users to control their connected devices from a single hub.",
    "link": "https://www.zdnet.com/article/revolv-is-dead-google-killed-it-long-live-innovation/",
    "name": "Revolv",
    "type": "hardware"
  },
  {
    "dateClose": "2019-01-11",
    "dateOpen": "2015-09-29",
    "description": "Chromecast Audio was a device that allowed users to stream audio from any device to any speaker with an audio input.",
    "link": "https://en.wikipedia.org/wiki/Chromecast#Chromecast_Audio",
    "name": "Chromecast Audio",
    "type": "hardware"
  },
  {
    "dateClose": "2019-03-13",
    "dateOpen": "2016-09-21",
    "description": "Google Allo was an instant messaging mobile app for Android, iOS, and Web with special features like a virtual assistant and encrypted mode. It was rebranded as Google Chat.",
    "link": "https://en.wikipedia.org/wiki/Google_Allo",
    "name": "Google Allo",
    "type": "app"
  },
  {
    "dateClose": "2015-12-21",
    "dateOpen": "2005-09-14",
    "description": "Google Blog Search API was a way to search blogs utilizing Google.",
    "link": "https://en.wikipedia.org/wiki/Google_Blog_Search",
    "name": "Google Blog Search API",
    "type": "service"
  },
  {
    "dateClose": "2011-07-02",
    "dateOpen": "2009-12-07",
    "description": "Google Real-Time Search provided live search results from Twitter, Facebook, and news websites.",
    "link": "https://en.wikipedia.org/wiki/Google_Real-Time_Search",
    "name": "Google Real-Time Search",
    "type": "service"
  },
  {
    "dateClose": "2019-04-02",
    "dateOpen": "2015-05-28",
    "description": "Inbox by Gmail aimed to improve email through several key features.",
    "link": "https://en.wikipedia.org/wiki/Inbox_by_Gmail",
    "name": "Inbox by Gmail",
    "type": "service"
  },
  {
    "dateClose": "2012-10-05",
    "dateOpen": "2011-02-09",
    "description": "Sparrow was an email client for OS X and iOS. Google acquired and then killed it.",
    "link": "https://en.wikipedia.org/wiki/Sparrow_(email_client)",
    "name": "Sparrow",
    "type": "app"
  },
  {
    "dateClose": "2006-12-01",
    "dateOpen": "2002-04-18",
    "description": "Google Answers was an online knowledge market.",
    "link": "https://en.wikipedia.org/wiki/Google_Answers",
    "name": "Google Answers",
    "type": "service"
  },
  {
    "dateClose": "2006-05-08",
    "dateOpen": "2003-11-10",
    "description": "Google Deskbar was a small inset window on the Windows toolbar and allowed users to perform searches without leaving the desktop.",
    "link": "https://www.computerweekly.com/news/2240053391/Google-launches-Deskbar-software",
    "name": "Google Deskbar",
    "type": "service"
  },
  {
    "dateClose": "2006-10-10",
    "dateOpen": "2005-08-01",
    "description": "Writely was a Web-based word processor.",
    "link": "https://en.wikipedia.org/wiki/Writely",
    "name": "Writely",
    "type": "service"
  },
  {
    "dateClose": "2007-12-01",
    "dateOpen": "2004-01-01",
    "description": "Google Click-to-Call allowed a user to speak directly over the phone to businesses found in search results.",
    "link": "https://en.wikipedia.org/wiki/AdWords#Google_Click-to-Call",
    "name": "Google Click-to-Call",
    "type": "service"
  },
  {
    "dateClose": "2013-07-01",
    "dateOpen": "2005-10-07",
    "description": "Google Reader was a RSS/Atom feed aggregator.",
    "link": "https://en.wikipedia.org/wiki/Google_Reader",
    "name": "Google Reader",
    "type": "service"
  },
  {
    "dateClose": "2012-04-30",
    "dateOpen": "2009-09-01",
    "description": "Google Wave was an online communication and collaborative real-time editor tool.",
    "link": "https://en.wikipedia.org/wiki/Google_Wave",
    "name": "Google Wave",
    "type": "service"
  },
  {
    "dateClose": "2011-11-11",
    "dateOpen": "2008-08-10",
    "description": "Google Notebook allowed users to save and organize clips of information while conducting research online.",
    "link": "https://en.wikipedia.org/wiki/Google_Notebook",
    "name": "Google Notebook",
    "type": "service"
  },
  {
    "dateClose": "2016-08-31",
    "dateOpen": "2012-11-28",
    "description": "Web hosting in Google Drive was a method of uploading HTML, CSS and other files in order to publish live web sites.",
    "link": "https://gsuite-developers.googleblog.com/2015/08/deprecating-web-hosting-support-in.html",
    "name": "Web Hosting in Google Drive",
    "type": "service"
  },
  {
    "dateClose": "2018-04-30",
    "dateOpen": "2010-05-31",
    "description": "Encrypted Search provided users with anonymous internet searching.",
    "link": "https://en.wikipedia.org/wiki/Google_Search#Dedicated_encrypted_search_page",
    "name": "Encrypted Search",
    "type": "service"
  },
  {
    "dateClose": "2018-08-20",
    "dateOpen": "2010-10-05",
    "description": "Google Goggles was used for searches based on pictures taken by handheld devices.",
    "link": "https://en.wikipedia.org/wiki/Google_Goggles",
    "name": "Google Goggles",
    "type": "service"
  },
  {
    "dateClose": "2013-11-01",
    "dateOpen": "2005-05-19",
    "description": "iGoogle was a customizable Ajax-based start page or personal web portal.",
    "link": "https://en.wikipedia.org/wiki/IGoogle",
    "name": "iGoogle",
    "type": "service"
  },
  {
    "dateClose": "2017-02-16",
    "dateOpen": "2016-05-16",
    "description": "Google Spaces was an app for group discussions and messaging.",
    "link": "https://en.wikipedia.org/wiki/Google_Spaces_(service)",
    "name": "Google Spaces",
    "type": "service"
  },
  {
    "dateClose": "2017-03-31",
    "dateOpen": "2008-06-23",
    "description": "Google Map Maker was a mapping and map editing service where users were able to draw features directly onto a map.",
    "link": "https://en.wikipedia.org/wiki/Google_Map_Maker",
    "name": "Google Map Maker",
    "type": "service"
  },
  {
    "dateClose": "2017-09-01",
    "dateOpen": "2007-03-01",
    "description": "Trendalyzer was a data trend viewing platform.",
    "link": "https://en.wikipedia.org/wiki/Trendalyzer",
    "name": "Trendalyzer",
    "type": "service"
  },
  {
    "dateClose": "2015-10-09",
    "dateOpen": "2002-10-15",
    "description": "Picasa was an image organizer and image viewer for organizing and editing digital photos.",
    "link": "https://en.wikipedia.org/wiki/Picasa",
    "name": "Picasa",
    "type": "service"
  },
  {
    "dateClose": "2016-01-15",
    "dateOpen": "2005-03-17",
    "description": "Google Code was a service that provided revision control, an issue tracker, and a wiki for code documentation.",
    "link": "https://en.wikipedia.org/wiki/Google_Developers#Google_Code",
    "name": "Google Code",
    "type": "service"
  },
  {
    "dateClose": "2016-07-01",
    "dateOpen": "2011-07-01",
    "description": "Google Swiffy was a web-based tool that converted SWF files to HTML5.",
    "link": "https://en.wikipedia.org/wiki/Google_Swiffy",
    "name": "Google Swiffy",
    "type": "service"
  },
  {
    "dateClose": "2016-11-04",
    "dateOpen": "2005-10-23",
    "description": "Panoramio was a geo-location tagging and photo sharing product.",
    "link": "https://en.wikipedia.org/wiki/Panoramio",
    "name": "Panoramio",
    "type": "service"
  },
  {
    "dateClose": "2015-04-20",
    "dateOpen": "2013-11-15",
    "description": "Google Helpouts was an online collaboration service where users could share their expertise through live video.",
    "link": "https://en.wikipedia.org/wiki/Google_Helpouts",
    "name": "Google Helpouts",
    "type": "service"
  },
  {
    "dateClose": "2015-06-30",
    "dateOpen": "2008-09-01",
    "description": "Google Moderator was a service that used crowdsourcing to rank user-submitted questions, suggestions and ideas.",
    "link": "https://en.wikipedia.org/wiki/Google_Moderator",
    "name": "Google Moderator",
    "type": "service"
  },
  {
    "dateClose": "2014-06-23",
    "dateOpen": "2007-06-28",
    "description": "Google Questions and Answers was a free knowledge market that allowed users to collaboratively find answers to their questions.",
    "link": "https://en.wikipedia.org/wiki/Google_Questions_and_Answers",
    "name": "Google Questions and Answers",
    "type": "service"
  },
  {
    "dateClose": "2014-09-30",
    "dateOpen": "2004-01-24",
    "description": "Orkut was a social network designed to help users meet new and old friends and maintain existing relationships.",
    "link": "https://en.wikipedia.org/wiki/Orkut",
    "name": "Orkut",
    "type": "service"
  },
  {
    "dateClose": "2014-06-25",
    "dateOpen": "2013-09-19",
    "description": "Quickoffice was a productivity suite for mobile devices which allowed the viewing, creating and editing of documents, presentations and spreadsheets.",
    "link": "https://en.wikipedia.org/wiki/Quickoffice",
    "name": "Quickoffice",
    "type": "app"
  },
  {
    "dateClose": "2014-01-31",
    "dateOpen": "2005-01-01",
    "description": "Google Notifier alerted users to new emails on their Gmail account.",
    "link": "https://www.theverge.com/2014/1/16/5316748/google-quietly-kills-off-its-notifier-service-for-mail-and-calendar",
    "name": "Google Notifier",
    "type": "service"
  },
  {
    "dateClose": "2012-07-11",
    "dateOpen": "2005-09-14",
    "description": "Meebo was a browser-based instant messaging application which supported multiple IM services.",
    "link": "https://en.wikipedia.org/wiki/Meebo",
    "name": "Meebo",
    "type": "service"
  },
  {
    "dateClose": "2012-12-31",
    "dateOpen": "2007-12-06",
    "description": "Google Chart API was an interactive Web service that created graphical charts from user-supplied data.",
    "link": "https://en.wikipedia.org/wiki/Google_Chart_API",
    "name": "Google Chart API",
    "type": "service"
  },
  {
    "dateClose": "2012-12-31",
    "dateOpen": "2007-12-06",
    "description": "Google Mini was a smaller version of the Google Search Appliance.",
    "link": "https://en.wikipedia.org/wiki/Google_Search_Appliance#Google_Mini",
    "name": "Google Mini",
    "type": "hardware"
  },
  {
    "dateClose": "2018-12-31",
    "dateOpen": "2002-01-01",
    "description": "Google Search Appliance was a rack-mounted device that provided document indexing functionality.",
    "link": "https://en.wikipedia.org/wiki/Google_Search_Appliance",
    "name": "Google Search Appliance",
    "type": "hardware"
  },
  {
    "dateClose": "2019-03-30",
    "dateOpen": "2009-12-01",
    "description": "Google URL Shortener, also known as goo.gl, was a URL shortening service.",
    "link": "https://en.wikipedia.org/wiki/Google_URL_Shortener",
    "name": "Google URL Shortener",
    "type": "service"
  },
  {
    "dateClose": "2011-12-15",
    "dateOpen": "2010-02-09",
    "description": "Google Buzz was a social networking, microblogging and messaging tool that integrated with Gmail.",
    "link": "https://en.wikipedia.org/wiki/Google_Buzz",
    "name": "Google Buzz",
    "type": "service"
  },
  {
    "dateClose": "2011-09-01",
    "dateOpen": "2008-01-01",
    "description": "Google Desktop allowed local searches of a user's emails, computer files, music, photos, chats and Web pages viewed.",
    "link": "https://en.wikipedia.org/wiki/Google_Desktop",
    "name": "Google Desktop",
    "type": "service"
  },
  {
    "dateClose": "2022-06-30",
    "dateOpen": "2010-12-06",
    "description": "Google Chrome Apps were hosted or packaged web applications that ran on the Google Chrome browser.",
    "link": "https://en.wikipedia.org/wiki/Google_Chrome_App",
    "name": "Google Chrome Apps",
    "type": "service"
  },
  {
    "dateClose": "2006-09-15",
    "dateOpen": "2002-01-01",
    "description": "Google Public Service Search provided governmental, non-profit and academic organizational search results without ads.",
    "link": "https://webmasters.googleblog.com/2006/09/for-those-wondering-about-public.html",
    "name": "Google Public Service Search",
    "type": "service"
  },
  {
    "dateClose": "2007-08-11",
    "dateOpen": "2006-01-07",
    "description": "Google Video Marketplace was a service that included a store where videos could be bought and rented.",
    "link": "https://www.hexus.net/tech/news/software/4324-google-video-marketplace/",
    "name": "Google Video Marketplace",
    "type": "service"
  },
  {
    "dateClose": "2008-06-30",
    "dateOpen": "2006-06-08",
    "description": "Google Browser Sync was a Firefox extension that synced information like passwords and browsing history.",
    "link": "https://en.wikipedia.org/wiki/Google_Browser_Sync",
    "name": "Google Browser Sync",
    "type": "service"
  },
  {
    "dateClose": "2008-12-31",
    "dateOpen": "2008-07-08",
    "description": "Google Lively was a web-based virtual environment that provided a new way to access information.",
    "link": "https://en.wikipedia.org/wiki/Google_Lively",
    "name": "Google Lively",
    "type": "service"
  },
  {
    "dateClose": "2008-05-15",
    "dateOpen": "2002-08-01",
    "description": "Hello was a service by Picasa that let users share pictures \"like you're sitting side-by-side.\"",
    "link": "https://en.wikipedia.org/wiki/Picasa#Hello",
    "name": "Hello",
    "type": "service"
  },
  {
    "dateClose": "2008-11-24",
    "dateOpen": "2006-10-01",
    "description": "SearchMash was an experimental, non-branded search engine that Google used to be able to play around with new search technologies, concepts and interfaces.",
    "link": "https://techcrunch.com/2008/11/24/why-did-google-discontinue-searchmash/",
    "name": "SearchMash",
    "type": "service"
  },
  {
    "dateClose": "2009-02-28",
    "dateOpen": "2003-06-30",
    "description": "Dodgeball was a location-based social network where users texted their location to the service, and it notified them of friends and points of interest nearby.",
    "link": "https://en.wikipedia.org/wiki/Dodgeball_(service)",
    "name": "Dodgeball",
    "type": "service"
  },
  {
    "dateClose": "2009-07-31",
    "dateOpen": "2007-05-30",
    "description": "Google Mashup Editor was an online web mashup creation service with publishing, syntax highlighting, and debugging.",
    "link": "https://en.wikipedia.org/wiki/Google_Mashup_Editor",
    "name": "Google Mashup Editor",
    "type": "service"
  },
  {
    "dateClose": "2009-10-31",
    "dateOpen": "2005-05-01",
    "description": "Google Ride Finder was a service that used GPS data to pinpoint and map the location of taxis, limos, and shuttle vehicles available for hire in 10 U.S. metro areas.",
    "link": "https://searchenginewatch.com/sew/news/2062429/new-from-google-labs-google-ride-finder#",
    "name": "Google Ride Finder",
    "type": "service"
  },
  {
    "dateClose": "2012-01-01",
    "dateOpen": "2008-05-20",
    "description": "Google Health was a personal health information centralization service that provided users a merged health record from multiple sources.",
    "link": "https://en.wikipedia.org/wiki/Google_Health",
    "name": "Google Health",
    "type": "service"
  },
  {
    "dateClose": "2012-08-21",
    "dateOpen": "1999-07-01",
    "description": "Postini was an e-mail, Web security, and archiving service that filtered e-mail spam and malware (before it was delivered to a client's mail server), e-mail archiving.",
    "link": "https://en.wikipedia.org/wiki/Postini",
    "name": "Postini",
    "type": "service"
  },
  {
    "dateClose": "2010-02-19",
    "dateOpen": "1998-11-30",
    "description": "Marratech was a Swedish company that made software for e-meetings (e.g., web conferencing, videoconferencing).",
    "link": "https://en.wikipedia.org/wiki/Marratech",
    "name": "Marratech e-meetings",
    "type": "service"
  },
  {
    "dateClose": "2010-03-03",
    "dateOpen": "2008-11-20",
    "description": "SearchWiki was a Google Search feature which allowed logged-in users to annotate and re-order search results.",
    "link": "https://en.wikipedia.org/wiki/Google_SearchWiki",
    "name": "Google SearchWiki",
    "type": "service"
  },
  {
    "dateClose": "2010-11-12",
    "dateOpen": "2007-04-06",
    "description": "GOOG-411 (or Google Voice Local Search) was a telephone service that provided a speech-recognition-based business directory search.",
    "link": "https://en.wikipedia.org/wiki/GOOG-411",
    "name": "GOOG-411",
    "type": "service"
  },
  {
    "dateClose": "2010-12-17",
    "dateOpen": "2005-10-25",
    "description": "Google Base was a database provided by Google into which any user can add almost any type of content, such as text, images, and structured information.",
    "link": "https://en.wikipedia.org/wiki/Google_Base",
    "name": "Google Base",
    "type": "service"
  },
  {
    "dateClose": "2011-07-31",
    "dateOpen": "2002-05-20",
    "description": "Google Labs was a technology playground used by Google to demonstrate and test new projects.",
    "link": "https://en.wikipedia.org/wiki/Google_Labs",
    "name": "Google Labs",
    "type": "service"
  },
  {
    "dateClose": "2011-09-16",
    "dateOpen": "2009-10-05",
    "description": "Google PowerMeter was a software project of Google's philanthropic arm that helped consumers track their home electricity usage.",
    "link": "https://en.wikipedia.org/wiki/Google_PowerMeter",
    "name": "Google PowerMeter",
    "type": "service"
  },
  {
    "dateClose": "2019-04-02",
    "dateOpen": "2011-06-28",
    "description": "Google+ was an Internet-based social network.",
    "link": "https://en.wikipedia.org/wiki/Google%2B",
    "name": "Google+",
    "type": "service"
  },
  {
    "dateClose": "2014-02-07",
    "dateOpen": "2011-07-01",
    "description": "Google Schemer was a Google service for sharing and discovering things to do.",
    "link": "https://en.wikipedia.org/wiki/Google_Schemer",
    "name": "Google Schemer",
    "type": "service"
  },
  {
    "dateClose": "2013-08-09",
    "dateOpen": "2009-02-05",
    "description": "Google Latitude was a location-aware feature of Google Maps, a successor to an earlier SMS-based service Dodgeball.",
    "link": "https://en.wikipedia.org/wiki/Google_Latitude",
    "name": "Google Latitude",
    "type": "service"
  },
  {
    "dateClose": "2013-04-13",
    "dateOpen": "2007-01-01",
    "description": "Picnik was an online photo editing service that allowed users to edit, style, crop, and resize images.",
    "link": "https://en.wikipedia.org/wiki/Picnik",
    "name": "Picnik",
    "type": "service"
  },
  {
    "dateClose": "2016-11-01",
    "dateOpen": "2005-09-23",
    "description": "Google Showtimes was a standalone movie search result page.",
    "link": "https://techcrunch.com/2016/11/07/google-quietly-shutters-standalone-google-showtimes-movie-site/",
    "name": "Google Showtimes",
    "type": "service"
  },
  {
    "dateClose": "2014-01-31",
    "dateOpen": "2009-03-27",
    "description": "Bump! is a discontinued iOS and Android mobile app that enables smartphone users to transfer contact information, photos and files between devices.",
    "link": "https://en.wikipedia.org/wiki/Bump_(application)",
    "name": "Bump!",
    "type": "app"
  },
  {
    "dateClose": "2016-10-04",
    "dateOpen": "2010-01-05",
    "description": "Google Nexus was Google's line of flagship Android phones, tablets, and accessories.",
    "link": "https://en.wikipedia.org/wiki/Google_Nexus",
    "name": "Google Nexus",
    "type": "hardware"
  },
  {
    "dateClose": "2012-01-15",
    "dateOpen": "2006-02-01",
    "description": "Jaiku was a social networking, micro-blogging and lifestreaming service comparable to Twitter.",
    "link": "https://en.wikipedia.org/wiki/Jaiku",
    "name": "Jaiku",
    "type": "service"
  },
  {
    "dateClose": "2012-05-01",
    "dateOpen": "2008-07-23",
    "description": "Knol was a Google project that aimed to include user-written articles on a range of topics.",
    "link": "https://en.wikipedia.org/wiki/Knol",
    "name": "Knol",
    "type": "service"
  },
  {
    "dateClose": "2015-01-18",
    "dateOpen": "2013-05-15",
    "description": "Google Play Edition devices were a series of Android smartphones and tablets sold by Google.",
    "link": "https://arstechnica.com/gadgets/2015/01/dont-cry-for-the-google-play-edition-program-it-was-already-dead/",
    "name": "Google Play Edition",
    "type": "hardware"
  },
  {
    "dateClose": "2016-03-01",
    "dateOpen": "2015-01-01",
    "description": "Google Compare allowed consumers to compare several offers ranging from insurance, mortgage, and credit cards.",
    "link": "https://www.gadgetsnow.com/year-in-review-2016/Google-Compare/yearendershow2016/55617272.cms",
    "name": "Google Compare",
    "type": "service"
  },
  {
    "dateClose": "2011-04-03",
    "dateOpen": "2009-11-12",
    "description": "Gizmo5 was a VOIP communications network and a proprietary freeware soft phone for that network.",
    "link": "https://en.wikipedia.org/wiki/Gizmo5",
    "name": "Gizmo5",
    "type": "service"
  },
  {
    "dateClose": "2012-01-15",
    "dateOpen": "2006-10-05",
    "description": "Google Code Search was a free beta product which allowed users to search for open-source code on the Internet.",
    "link": "https://en.wikipedia.org/wiki/Google_Code_Search",
    "name": "Google Code Search",
    "type": "service"
  },
  {
    "dateClose": "2014-02-17",
    "dateOpen": "2013-07-13",
    "description": "SlickLogin was an Israeli start-up company which developed sound-based password alternatives, was acquired by Google and hasn't released anything since.",
    "link": "https://en.wikipedia.org/wiki/SlickLogin",
    "name": "SlickLogin",
    "type": "service"
  },
  {
    "dateClose": "2008-08-31",
    "dateOpen": "2006-07-13",
    "description": "Google Page Creator was a website creation and hosting service that allowed users to build basic websites with no HTML knowledge.",
    "link": "https://en.wikipedia.org/wiki/Google_Page_Creator",
    "name": "Google Page Creator",
    "type": "service"
  },
  {
    "dateClose": "2017-12-15",
    "dateOpen": "2014-12-01",
    "description": "Project Tango was an API for augmented reality apps that was killed and replaced by ARCore.",
    "link": "https://en.wikipedia.org/wiki/Tango_(platform)",
    "name": "Project Tango",
    "type": "service"
  },
  {
    "dateClose": "2020-05-04",
    "dateOpen": "2014-10-01",
    "description": "Fabric was a platform that helped mobile teams build better apps, understand their users, and grow their business.",
    "link": "https://get.fabric.io/roadmap",
    "name": "Fabric",
    "type": "service"
  },
  {
    "dateClose": "2013-07-01",
    "dateOpen": "2012-06-27",
    "description": "Nexus Q was a digital media player that allowed users with Android devices to stream content from supported services to a connected television or speakers via an integrated amplifier.",
    "link": "https://en.wikipedia.org/wiki/Nexus_Q",
    "name": "Nexus Q",
    "type": "hardware"
  },
  {
    "dateClose": "2015-08-04",
    "dateOpen": "2011-08-16",
    "description": "Google Catalogs was a shopping application that delivered the virtual catalogs of large retailers to users.",
    "link": "https://en.wikipedia.org/wiki/Google_Catalogs",
    "name": "Google Catalogs",
    "type": "service"
  },
  {
    "dateClose": "2011-04-08",
    "dateOpen": "2010-11-15",
    "description": "Google Hotpot was a local recommendation engine that allowed people to rate restaurants, hotels, etc. and share them with friends.",
    "link": "https://mashable.com/2011/04/08/google-hotpot-goes-cold/",
    "name": "Google Hotpot",
    "type": "service"
  },
  {
    "dateClose": "2011-09-02",
    "dateOpen": "2009-09-23",
    "description": "Google Sidewiki was a browser sidebar tool that allowed users to contribute information to any web page.",
    "link": "https://en.wikipedia.org/wiki/Google_Sidewiki",
    "name": "Google Sidewiki",
    "type": "service"
  },
  {
    "dateClose": "2012-12-03",
    "dateOpen": "2008-08-05",
    "description": "AdSense for Feeds was a RSS-based service for AdSense that allowed publishers to advertise on their RSS Feeds.",
    "link": "https://adsenseforfeeds.blogspot.com/",
    "name": "AdSense for Feeds",
    "type": "service"
  },
  {
    "dateClose": "2011-09-02",
    "dateOpen": "2009-03-14",
    "description": "Aardvark was a social search service that connected users live with friends or friends-of-friends who were able to answer their questions.",
    "link": "https://en.wikipedia.org/wiki/Aardvark_(search_engine)",
    "name": "Aardvark",
    "type": "service"
  },
  {
    "dateClose": "2009-03-30",
    "dateOpen": "2007-09-30",
    "description": "Google Shared Stuff was a web page sharing system that allowed users to bookmark pages and share it.",
    "link": "https://www.google.com/s2/sharing/stuff",
    "name": "Google Shared Stuff",
    "type": "service"
  },
  {
    "dateClose": "2007-12-31",
    "dateOpen": "2001-01-01",
    "description": "Google Zeitgeist was a weekly, monthly, and yearly snapshot in time of what people were searching for on Google all over the world.",
    "link": "https://www.lifewire.com/google-zeitgeist-3481903",
    "name": "Zeitgeist",
    "type": "service"
  },
  {
    "dateClose": "2016-09-02",
    "dateOpen": "2013-10-29",
    "description": "Project Ara was a modular smartphone project under development by Google.",
    "link": "https://en.wikipedia.org/wiki/Project_Ara",
    "name": "Project Ara",
    "type": "hardware"
  },
  {
    "dateClose": "2013-05-15",
    "dateOpen": "2005-08-22",
    "description": "Often remembered as 'Gchat', Google Talk was a messaging service for both text and voice using XMPP.",
    "link": "https://en.wikipedia.org/wiki/Google_Talk",
    "name": "Google Talk",
    "type": "service"
  },
  {
    "dateClose": "2015-03-15",
    "dateOpen": "2013-04-30",
    "description": "BebaPay was a form of electronic ticketing platform in Nairobi, Kenya that was developed by Google in partnership with Equity Bank.",
    "link": "https://en.wikipedia.org/wiki/BebaPay",
    "name": "BebaPay",
    "type": "service"
  },
  {
    "dateClose": "2011-09-01",
    "dateOpen": "2009-09-14",
    "description": "Google Fast Flip was an online news aggregator, something of a high tech microfiche.",
    "link": "https://en.wikipedia.org/wiki/Google_Fast_Flip",
    "name": "Google Fast Flip",
    "type": "service"
  },
  {
    "dateClose": "2008-01-20",
    "dateOpen": "2005-05-04",
    "description": "Google Web Accelerator was a client-side software that increased the load speed of web pages.",
    "link": "https://en.wikipedia.org/wiki/Google_Web_Accelerator",
    "name": "Google Web Accelerator",
    "type": "service"
  },
  {
    "dateClose": "2018-10-11",
    "dateOpen": "2018-02-01",
    "description": "Reply was a mobile app that let users insert Smart Replies (pre-defined replies) into conversations on messaging apps.",
    "link": "https://en.wikipedia.org/wiki/Reply_(Google)",
    "name": "Reply",
    "type": "app"
  },
  {
    "dateClose": "2011-09-05",
    "dateOpen": "2009-06-03",
    "description": "Google Squared was an information extraction and relationship extraction product that compiled structured data into a spreadsheet-like format.",
    "link": "https://en.wikipedia.org/wiki/Google_Squared",
    "name": "Google Squared",
    "type": "service"
  },
  {
    "dateClose": "2015-01-15",
    "dateOpen": "2013-04-15",
    "description": "Google Glass Explorer Edition was a wearable computer with an optical head-mounted display and camera that allows the wearer to interact with various applications and the Internet via natural language voice commands.",
    "link": "https://en.wikipedia.org/wiki/Google_Glass",
    "name": "Google Glass Explorer Edition",
    "type": "hardware"
  },
  {
    "dateClose": "2014-02-21",
    "dateOpen": "2012-11-30",
    "description": "BufferBox was a Canadian startup that provided consumers 24/7 convenience of picking up their online purchases.",
    "link": "https://en.wikipedia.org/wiki/BufferBox",
    "name": "BufferBox",
    "type": "service"
  },
  {
    "dateClose": "2009-03-11",
    "dateOpen": "2005-01-01",
    "description": "Grand Central was a Voice over IP service that was acquired by Google, and turned into Google Voice.",
    "link": "https://en.wikipedia.org/wiki/Google_Voice",
    "name": "Grand Central",
    "type": "service"
  },
  {
    "dateClose": "2016-05-24",
    "dateOpen": "2014-11-03",
    "description": "Nexus Player was a digital media player that allowed users to play music, watch video originating from Internet services or a local network, and play games.",
    "link": "https://en.wikipedia.org/wiki/Nexus_Player",
    "name": "Nexus Player",
    "type": "hardware"
  },
  {
    "dateClose": "2012-11-01",
    "dateOpen": "2009-08-20",
    "description": "Google Listen was an Android application that let you search, subscribe, download, and stream podcasts and web audio.",
    "link": "https://googleblog.blogspot.com/2012/08/giving-you-better-google.html",
    "name": "Google Listen",
    "type": "app"
  },
  {
    "dateClose": "2011-07-20",
    "dateOpen": "2000-04-07",
    "description": "Google Directory was an Internet website directory organized into 14 main categories that allowed users to explore the web.",
    "link": "https://en.wikipedia.org/wiki/Google_Directory",
    "name": "Google Directory",
    "type": "service"
  },
  {
    "dateClose": "2011-11-22",
    "dateOpen": "2007-05-31",
    "description": "Gears (aka Google Gears) was utility software that aimed to create more powerful web apps by adding offline storage and other additional features to web browsers.",
    "link": "https://en.wikipedia.org/wiki/Gears_(software)",
    "name": "Gears",
    "type": "service"
  },
  {
    "dateClose": "2013-06-04",
    "dateOpen": "2009-10-13",
    "description": "Building Maker enabled users to create 3D models of buildings for Google Earth on the browser.",
    "link": "https://googleblog.blogspot.com/2013/03/a-second-spring-of-cleaning.html",
    "name": "Building Maker",
    "type": "service"
  },
  {
    "dateClose": "2011-08-05",
    "dateOpen": "2009-12-01",
    "description": "Google Dictionary was a standalone online dictionary service.",
    "link": "https://en.wikipedia.org/wiki/Google_Dictionary",
    "name": "Google Dictionary",
    "type": "service"
  },
  {
    "dateClose": "2012-03-01",
    "dateOpen": "2008-05-28",
    "description": "Google Friend Connect was a free social networking site from 2008 to 2012.",
    "link": "https://en.wikipedia.org/wiki/Google_Friend_Connect",
    "name": "Google Friend Connect",
    "type": "service"
  },
  {
    "dateClose": "2017-06-20",
    "dateOpen": "2013-04-11",
    "description": "Glass OS (Google XE) was a version of Google's Android operating system designed for Google Glass.",
    "link": "https://en.wikipedia.org/wiki/Glass_OS",
    "name": "Glass OS",
    "type": "service"
  },
  {
    "dateClose": "2018-08-28",
    "dateOpen": "2017-09-19",
    "description": "Tez was a mobile payments service by Google, targeted at users in India. It was rebranded to Google Pay.",
    "link": "https://en.wikipedia.org/wiki/Tez_(software)",
    "name": "Tez",
    "type": "service"
  },
  {
    "dateClose": "2014-01-01",
    "dateOpen": "2011-05-26",
    "description": "Google Offers was a service offering discounts and coupons. Initially, it was a deal of the day website similar to Groupon.",
    "link": "https://en.wikipedia.org/wiki/Google_Offers",
    "name": "Google Offers",
    "type": "service"
  },
  {
    "dateClose": "2016-04-30",
    "dateOpen": "2009-02-12",
    "description": "MyTracks was a GPS tracking application for Android which allowed users to track their path, speed, distance and elevation.",
    "link": "https://en.wikipedia.org/wiki/MyTracks",
    "name": "MyTracks",
    "type": "app"
  },
  {
    "dateClose": "2016-02-18",
    "dateOpen": "2013-06-01",
    "description": "Pie was a work-centric groupchat website and app comparable to Slack.",
    "link": "https://www.pie.co",
    "name": "Pie",
    "type": "service"
  },
  {
    "dateClose": "2017-11-15",
    "dateOpen": "2006-03-21",
    "description": "Portfolios was a feature available in Google Finance to track personal financial securities.",
    "link": "https://en.wikipedia.org/wiki/Google_Finance",
    "name": "Google Portfolios",
    "type": "service"
  },
  {
    "dateClose": "2018-04-01",
    "dateOpen": "2008-11-13",
    "description": "Google's Site Search was a service that enabled any website to add a custom search field powered by Google.",
    "link": "https://enterprise.google.com/search/products/gss.html",
    "name": "Google Site Search",
    "type": "service"
  },
  {
    "dateClose": "2013-11-20",
    "dateOpen": "2011-12-08",
    "description": "Google Currents was a social magazine app by google, which was replaced by Google Play Newsstand.",
    "link": "https://en.wikipedia.org/wiki/Google_Currents_(2011-2013)",
    "name": "Google Currents",
    "type": "app"
  },
  {
    "dateClose": "2010-04-30",
    "dateOpen": "2008-04-13",
    "description": "BumpTop was a skeuomorphic desktop environment app that simulates the normal behavior and physical properties of a real-world desk and enhances it with automatic tools to organize its contents.",
    "link": "https://github.com/BumpTop/BumpTop",
    "name": "BumpTop",
    "type": "service"
  },
  {
    "dateClose": "2013-11-20",
    "dateOpen": "2006-06-28",
    "description": "Google Checkout was an online payment processing service that aimed to simplify the process of paying for online purchases.",
    "link": "https://en.wikipedia.org/wiki/Google_Checkout",
    "name": "Google Checkout",
    "type": "service"
  },
  {
    "dateClose": "2011-09-02",
    "dateOpen": "2006-01-06",
    "description": "Google Pack was a collection of software tools offered by Google to download in a single archive. It was announced at the 2006 Consumer Electronics Show, on January 6. Google Pack was only available for Windows XP, Windows Vista, and Windows 7.",
    "link": "https://en.wikipedia.org/wiki/Google_Pack",
    "name": "Google Pack",
    "type": "service"
  },
  {
    "dateClose": "2015-12-11",
    "dateOpen": "2012-01-01",
    "description": "Timeful was an iOS to do list and calendar application, developed to reinvent the way that people manage their most precious resource of time.",
    "link": "https://www.crunchbase.com/organization/timeful#section-overview",
    "name": "Timeful",
    "type": "app"
  },
  {
    "dateClose": "2011-07-31",
    "dateOpen": "2007-02-28",
    "description": "Rebang was a Zeitgeist-like service centered on providing service to a Chinese audience. It was incorporated into Google Labs as of late 2010, and later discontinued along with its parent project.",
    "link": "https://www.zdnet.com/article/google-rebang-now-live/",
    "name": "Google Rebang",
    "type": "service"
  },
  {
    "dateClose": "2012-03-06",
    "dateOpen": "2005-05-01",
    "description": "Slide was a photo sharing software for social networking services such as MySpace and Facebook. Later Slide began to make applications and became the largest developer of third-party applications for Facebook.",
    "link": "https://en.wikipedia.org/wiki/Slide.com",
    "name": "Slide",
    "type": "service"
  },
  {
    "dateClose": "2011-02-10",
    "dateOpen": "2009-07-01",
    "description": "Real Estate on Google Maps enabled users to find places for sale or rent in an area they were interested in.",
    "link": "https://maps.googleblog.com/2011/01/retiring-real-estate-on-google-maps.html",
    "name": "Real Estate On Google Maps",
    "type": "service"
  },
  {
    "dateClose": "2012-06-01",
    "dateOpen": "2011-04-01",
    "description": "Needlebase was a point-and-click tool for extracting, sorting and visualizing data from across pages around the web.",
    "link": "https://techcrunch.com/2012/01/20/google-trims-the-fat/",
    "name": "Needlebase",
    "type": "service"
  },
  {
    "dateClose": "2013-04-30",
    "dateOpen": "2008-04-07",
    "description": "Google Cloud Connect was a free cloud computing plugin for multiple versions of Microsoft Office that automatically stored and synchronized files to Google Docs.",
    "link": "https://en.wikipedia.org/wiki/Google_Cloud_Connect",
    "name": "Google Cloud Connect",
    "type": "service"
  },
  {
    "dateClose": "2013-05-10",
    "dateOpen": "2004-10-01",
    "description": "Google SMS let you text questions- including weather, sports scores, word definitions, and more- to 466453 and get an answer back.",
    "link": "https://techcrunch.com/2013/05/12/google-kills-sms-search/",
    "name": "Google SMS",
    "type": "service"
  },
  {
    "dateClose": "2018-10-16",
    "dateOpen": "2016-09-12",
    "description": "Google News & Weather was a news aggregator application available on the Android and iOS operating systems.",
    "link": "https://en.wikipedia.org/wiki/Google_News_%26_Weather",
    "name": "Google News & Weather",
    "type": "app"
  },
  {
    "dateClose": "2011-07-01",
    "dateOpen": "2009-11-01",
    "description": "Google Script Converter was an online transliteration tool for transliteration (script conversion) between Hindi, Romanagari and various other scripts. It's ended because Google shut down Google Labs and all associated projects.",
    "link": "https://en.wikipedia.org/wiki/Google_Script_Converter",
    "name": "Google Script Converter",
    "type": "service"
  },
  {
    "dateClose": "2012-08-20",
    "dateOpen": "2005-01-25",
    "description": "Google Video was a free video hosting service from Google, similar to YouTube, that allowed video clips to be hosted on Google servers and embedded on to other websites.",
    "link": "https://en.wikipedia.org/wiki/Google_Video",
    "name": "Google Video",
    "type": "service"
  },
  {
    "dateClose": "2011-10-13",
    "dateOpen": "2010-12-15",
    "description": "ZygoteBody, formerly Google Body, is a web application by Zygote Media Group that renders manipulable 3D anatomical models of the human body.",
    "link": "https://en.wikipedia.org/wiki/ZygoteBody",
    "name": "ZygoteBody",
    "type": "service"
  },
  {
    "dateClose": "2009-08-05",
    "dateOpen": "2008-11-01",
    "description": "Flix Cloud was a high-capacity online video encoding service.",
    "link": "https://en.wikipedia.org/wiki/On2_Technologies#Acquisition_by_Google",
    "name": "On2 Flix Cloud",
    "type": "service"
  },
  {
    "dateClose": "2011-12-31",
    "dateOpen": "2009-01-01",
    "description": "Noop was a project by Google engineers Alex Eagle and Christian Gruber aiming to develop a new programming language that attempted to blend the best features of 'old' and 'new' languages and best-practices.",
    "link": "https://en.wikipedia.org/wiki/Noop",
    "name": "Noop Programming Language",
    "type": "service"
  },
  {
    "dateClose": "2016-02-01",
    "dateOpen": "2013-07-01",
    "description": "Google Maps Engine was an online tool for map creation. It enabled you to create layered maps using your own data as well as Google Maps data.",
    "link": "https://mangomap.com/blog/the-end-of-google-maps-engine-causes-mass-confusion/",
    "name": "Google Maps Engine",
    "type": "service"
  },
  {
    "dateClose": "2018-08-15",
    "dateOpen": "2016-04-14",
    "description": "Save to Google Chrome Extension enabled you to quickly save a page link with image and tags to a Pocket-like app.",
    "link": "https://9to5google.com/2018/07/22/google-kills-save-to-google-chrome-material-theme/",
    "name": "Save to Google Chrome Extension",
    "type": "service"
  },
  {
    "dateClose": "2012-04-20",
    "dateOpen": "2009-11-10",
    "description": "Google Flu Vaccine Finder was a maps mash-up that showed nearby vaccination places across the United States.",
    "link": "https://googleblog.blogspot.com/2012/04/spring-cleaning-in-spring.html",
    "name": "Google Flu Vaccine Finder",
    "type": "service"
  },
  {
    "dateClose": "2012-04-20",
    "dateOpen": "2011-03-16",
    "description": "Google One Pass was an online store developed by Google for media publishers looking to sell subscriptions to their content.",
    "link": "https://en.wikipedia.org/wiki/Google_One_Pass",
    "name": "Google One Pass",
    "type": "service"
  },
  {
    "dateClose": "2011-07-20",
    "dateOpen": "2009-11-17",
    "description": "Google Image Swirl was an enhancement to the image search tool that came out of Google Labs. It built on top of image search by grouping images with similar visual and semantic qualities.",
    "link": "https://en.wikipedia.org/wiki/Google_Image_Swirl",
    "name": "Google Image Swirl",
    "type": "service"
  },
  {
    "dateClose": "2017-02-08",
    "dateOpen": "2016-03-02",
    "description": "Google Hands Free was a mobile payment system that allowed users to pay their bill using Bluetooth to connect to payment terminals by saying 'I'll pay with Google.'",
    "link": "https://www.slashgear.com/google-shutting-down-hands-free-next-week-02473609/",
    "name": "Google Hands Free",
    "type": "service"
  },
  {
    "dateClose": "2016-05-02",
    "dateOpen": "2007-03-03",
    "description": "Freebase was a large collaborative knowledge base consisting of structured data composed mainly by its community members, developed by Metaweb(acquired by Google).",
    "link": "https://en.wikipedia.org/wiki/Freebase",
    "name": "Freebase",
    "type": "service"
  },
  {
    "dateClose": "2014-03-14",
    "dateOpen": "2012-07-31",
    "description": "Wildfire by Google was a social marketing application that enabled businesses to create, optimize and measure their presence on social networks.",
    "link": "https://en.wikipedia.org/wiki/Wildfire_Interactive",
    "name": "Wildfire Interactive",
    "type": "service"
  },
  {
    "dateClose": "2016-05-02",
    "dateOpen": "2012-07-09",
    "description": "Google Now was a feature of Google Search that offered predictive cards with information and daily updates in Chrome and the Google app for Android and iOS.",
    "link": "https://en.wikipedia.org/wiki/Google_Now",
    "name": "Google Now",
    "type": "service"
  },
  {
    "dateClose": "2015-08-20",
    "dateOpen": "2008-11-01",
    "description": "Google Flu Trends was a service attempting to make accurate predictions about flu activity. ",
    "link": "https://en.wikipedia.org/wiki/Google_Flu_Trends",
    "name": "Google Flu Trends",
    "type": "service"
  },
  {
    "dateClose": "2012-09-27",
    "dateOpen": "2008-08-06",
    "description": "Google Insights for Search was a service used to provide data about terms people searched in Google and was merged into Google Trends.",
    "link": "https://en.wikipedia.org/wiki/Google_Insights_for_Search",
    "name": "Google Insights for Search",
    "type": "service"
  },
  {
    "dateClose": "2008-08-28",
    "dateOpen": "2006-10-24",
    "description": "Google Send to Phone was an add-on to send links and other information from Firefox to their phone by text message.",
    "link": "https://en.wikipedia.org/wiki/List_of_Google_products",
    "name": "Send to Phone",
    "type": "service"
  },
  {
    "dateClose": "2012-03-28",
    "dateOpen": "2005-04-30",
    "description": "Urchin was a web statistics analysis program developed by Urchin Software Corporation. It analyzed web server log file content and displayed the traffic information on that website based upon the log data.",
    "link": "https://en.wikipedia.org/wiki/Urchin_(software)",
    "name": "Urchin",
    "type": "service"
  },
  {
    "dateClose": "2017-03-01",
    "dateOpen": "2013-02-21",
    "description": "Chromebook Pixel was a first-of-its-kind laptop built by Google that ran Chrome OS, a Linux kernel-based operating system.",
    "link": "https://en.wikipedia.org/wiki/Chromebook_Pixel",
    "name": "Chromebook Pixel",
    "type": "hardware"
  },
  {
    "dateClose": "2007-08-17",
    "dateOpen": "2006-08-22",
    "description": "The Google Video Player plays back files in Google's own Google Video File (.gvi) media format and supported playlists in 'Google Video Pointer' (.gvp) format.",
    "link": "https://en.wikipedia.org/wiki/Google_Video#Google_Video_Player",
    "name": "Google Video Player",
    "type": "service"
  },
  {
    "dateClose": "2018-04-10",
    "dateOpen": "2010-07-01",
    "description": "A service that Google developed for long-tail travel clients. ITA Software will create a new, easier way for users to find better flight information online, which should encourage more users to make their flight purchases online.",
    "link": "https://developers.google.com/qpx-express/",
    "name": "qpx-express-API",
    "type": "service"
  },
  {
    "dateClose": "2016-01-31",
    "dateOpen": "2007-11-08",
    "description": "Songza was a free music streaming service that would recommend its users various playlists based on time of day and mood or activity.",
    "link": "https://en.wikipedia.org/wiki/Songza",
    "name": "Songza",
    "type": "service"
  },
  {
    "dateClose": "2014-02-01",
    "dateOpen": "2010-09-22",
    "description": "Google Chrome Frame was a plugin for Internet Explorer that allowed web pages to be displayed using WebKit and the V8 JavaScript engine.",
    "link": "https://en.wikipedia.org/wiki/Google_Chrome_Frame",
    "name": "Google Chrome Frame",
    "type": "service"
  },
  {
    "dateClose": "2011-12-20",
    "dateOpen": "2007-07-01",
    "description": "Apture was a service that allowed publishers and bloggers to link and incorporate multimedia into a dynamic layer above their pages.",
    "link": "https://www.huffingtonpost.com/rory-oconnor/apture-web-30-is-now_b_161608.html",
    "name": "Apture",
    "type": "service"
  },
  {
    "dateClose": "2011-01-31",
    "dateOpen": "2010-08-01",
    "description": "fflick was a review, information, and news website that used information from aggregated Tweets to rate movies as positive or negative.",
    "link": "https://en.wikipedia.org/wiki/Fflick",
    "name": "fflick",
    "type": "service"
  },
  {
    "dateClose": "2014-06-30",
    "dateOpen": "2010-10-06",
    "description": "Google TV was a smart TV platform that integrated Android and Chrome to create an interactive television overlay.",
    "link": "https://en.wikipedia.org/wiki/Google_TV_(smart_TV_platform)",
    "name": "Google TV",
    "type": "hardware"
  },
  {
    "dateClose": "2012-10-31",
    "dateOpen": "2010-11-10",
    "description": "Google Refine was a standalone desktop application for data cleanup and transformation to other formats.",
    "link": "https://en.wikipedia.org/wiki/Google_Refine",
    "name": "Google Refine",
    "type": "service"
  },
  {
    "dateClose": "2019-12-03",
    "dateOpen": "2009-06-09",
    "description": "Google Fusion Tables was a web service for data management that provided a means for visualizing data in different charts, maps, and graphs.",
    "link": "https://en.wikipedia.org/wiki/Google_Fusion_Tables",
    "name": "Google Fusion Tables",
    "type": "service"
  },
  {
    "dateClose": "2009-12-05",
    "dateOpen": "2002-04-11",
    "description": "The Google Web APIs were a free SOAP service for doing Google searches so that developers could use the results in almost any way they wanted.",
    "link": "https://web.archive.org/web/20021105033319/http://www.google.com/apis/",
    "name": "Google Web APIs",
    "type": "service"
  },
  {
    "dateClose": "2011-07-01",
    "dateOpen": "2002-07-01",
    "description": "Google Sets generates a list of items when users enter a few examples. For example, entering \"Green, Purple, Red\" emits the list \"Green, Purple, Red, Blue, Black, White, Yellow, Orange, Brown\".",
    "link": "https://web.archive.org/web/20021105033319/http://www.google.com/apis/",
    "name": "Google Sets",
    "type": "service"
  },
  {
    "dateClose": "2015-05-22",
    "dateOpen": "2011-05-10",
    "description": "Android @ Home allowed a user’s device to discover, connect, and communicate with devices and appliances in the home.",
    "link": "https://bgr.com/2011/05/10/google-announces-android-home/",
    "name": "Android @ Home",
    "type": "service"
  },
  {
    "dateClose": "2016-10-31",
    "dateOpen": "2012-05-01",
    "description": "Pixate was a platform for creating sophisticated animations and interactions, and refine your designs through 100% native prototypes for iOS and Android. ",
    "link": "https://techcrunch.com/2015/07/21/google-acquires-mobile-app-prototyping-tool-pixate/",
    "name": "Pixate",
    "type": "app"
  },
  {
    "dateClose": "2015-12-12",
    "dateOpen": "2008-05-28",
    "description": "Google Earth Browser Plug-in allowed developers to embed Google Earth into web pages and included a JavaScript API for custom 3D drawing and interaction.",
    "link": "https://en.wikipedia.org/wiki/Google_Earth#Google_Earth_Plug-in",
    "name": "Google Earth Browser Plug-in",
    "type": "service"
  },
  {
    "dateClose": "2009-09-01",
    "dateOpen": "2005-07-19",
    "description": "Google Toolbar for Firefox",
    "link": "https://en.wikipedia.org/wiki/Google_Toolbar",
    "name": "Google Toolbar for Firefox",
    "type": "service"
  },
  {
    "dateClose": "2019-03-07",
    "dateOpen": "2015-06-01",
    "description": "Mr. Jingles (aka Google Notification Widget) displayed alerts and notifications from across multiple Google services.",
    "link": "https://www.engadget.com/2019/02/06/google-is-killing-its-notifications-widget/",
    "name": "Google Notification Widget (Mr. Jingles)",
    "type": "service"
  },
  {
    "dateClose": "2019-01-15",
    "dateOpen": "2008-06-04",
    "description": "YouTube Video Annotations allowed video creators to add interactive commentary to their videos containing background information, branching (\"choose your own adventure\" style) stories, or links to any YouTube video, channel, or search results page.",
    "link": "https://www.theverge.com/2018/11/27/18114581/youtube-annotations-discontinued-january-2019",
    "name": "YouTube Video Annotations",
    "type": "service"
  },
  {
    "dateClose": "2018-12-06",
    "dateOpen": "2015-04-01",
    "description": "Google Nearby Notifications were a proximity marketing tool using Bluetooth beacons and location-based data to serve content relevant to an Android user's real-world location.",
    "link": "https://android-developers.googleblog.com/2018/10/discontinuing-support-for-android.html",
    "name": "Google Nearby Notifications",
    "type": "service"
  },
  {
    "dateClose": "2009-02-12",
    "dateOpen": "2008-07-08",
    "description": "Google Audio Ads service allowed advertisers to run campaigns on AM/FM radio stations in US using the AdWords interface.",
    "link": "http://google-tvads.blogspot.com/2009/02/google-exits-radio-but-will-explore.html",
    "name": "Google Audio Ads",
    "type": "service"
  },
  {
    "dateClose": "2015-01-14",
    "dateOpen": "2010-12-06",
    "description": "Word Lens translated text in real time on images by using the viewfinder of a device's camera without the need of an internet connection; The technology was rolled into Google Translate.",
    "link": "https://en.wikipedia.org/wiki/Word_Lens",
    "name": "Word Lens",
    "type": "app"
  },
  {
    "dateClose": "2019-05-29",
    "dateOpen": "2012-06-27",
    "description": "Google Cloud Messaging (GCM) was a notification service that enabled developers to send messages between servers and client apps running on Android or Chrome.",
    "link": "https://en.wikipedia.org/wiki/Google_Cloud_Messaging",
    "name": "Google Cloud Messaging (GCM)",
    "type": "service"
  },
  {
    "dateClose": "2021-06-30",
    "dateOpen": "2013-03-15",
    "description": "Google Hangouts was a communication platform which included messages, video chat, and VOIP features. Execution scheduled \"first half 2021\".",
    "link": "https://arstechnica.com/gadgets/2019/01/the-great-google-hangouts-shutdown-begins-october-2019/",
    "name": "Google Hangouts",
    "type": "service"
  },
  {
    "dateClose": "2019-01-15",
    "dateOpen": "2013-03-19",
    "description": "Google Realtime API provided ways to synchronise resources between devices. It operated on files stored on Google Drive.",
    "link": "https://developers.google.com/realtime/overview",
    "name": "Google Realtime API",
    "type": "service"
  },
  {
    "dateClose": "2019-04-23",
    "dateOpen": "2015-03-23",
    "description": "Data Saver was an extension for Chrome that routed webpages through Google servers to compress and reduce the user's bandwidth.",
    "link": "https://blog.chromium.org/2019/04/data-saver-is-now-lite-mode.html",
    "name": "Data Saver Extension for Chrome",
    "type": "service"
  },
  {
    "dateClose": "2013-11-11",
    "dateOpen": "2010-12-09",
    "description": "Google Trader was a classifieds service run by Google in Ghana, Uganda, Kenya and Nigeria to help customers trade goods and services online.",
    "link": "https://www.google.com.gh/local/trader/",
    "name": "Google Trader",
    "type": "service"
  },
  {
    "dateClose": "2019-08-31",
    "dateOpen": "2014-06-23",
    "description": "Works with Nest was an API that allowed external services to access and control Nest devices. This enabled the devices to be used with third-party home automation platforms and devices.",
    "link": "https://nest.com/works-with-nest/",
    "name": "Works with Nest API",
    "type": "service"
  },
  {
    "dateClose": "2019-06-28",
    "dateOpen": "2015-05-28",
    "description": "Google Jump was a cloud-based VR media solution that enabled 3D-360 media production by integrating customized capture solutions with best-in-class automated stitching.",
    "link": "https://en.wikipedia.org/wiki/Google_Jump",
    "name": "Google Jump",
    "type": "service"
  },
  {
    "dateClose": "2018-03-31",
    "dateOpen": "2010-04-01",
    "description": "reCAPTCHA Mailhide allowed users to mask their email address behind a captcha to prevent robots from scraping the email and sending spam.",
    "link": "https://github.com/google/recaptcha/issues/221#issuecomment-409586455",
    "name": "reCAPTCHA Mailhide",
    "type": "service"
  },
  {
    "dateClose": "2019-05-30",
    "dateOpen": "2015-08-26",
    "description": "YouTube Gaming was a video gaming-oriented service and app for videos and live streaming.",
    "link": "https://www.androidpolice.com/2018/09/18/youtube-gaming-standalone-app-shut-march-2019-features-migrate-main-app/",
    "name": "YouTube Gaming",
    "type": "service"
  },
  {
    "dateClose": "2019-08-05",
    "dateOpen": "2016-09-19",
    "description": "Google Trips was a mobile app that allowed users to plan for upcoming travel by facilitating flight, hotel, car, and restaurant reservations from user's email alongside summarized info about the user's destination.",
    "link": "https://en.wikipedia.org/wiki/Google_Trips",
    "name": "Google Trips",
    "type": "app"
  },
  {
    "dateClose": "2019-06-14",
    "dateOpen": "2017-04-12",
    "description": "Areo was a mobile app that allowed users in Bangalore, Mumbai, Delhi, Gurgaon, and Pune to order meals from nearby restaurants or schedule appointments with local service professionals, including electricians, painters, cleaners, plumbers, and more.",
    "link": "https://techcrunch.com/2017/04/13/google-areo-is-a-new-app-for-ordering-food-or-home-services-in-india/",
    "name": "Areo",
    "type": "app"
  },
  {
    "dateClose": "2019-08-01",
    "dateOpen": "2011-09-20",
    "description": "Hangouts on Air allowed users to host a multi-user video call while recording and streaming the call on YouTube.",
    "link": "https://arstechnica.com/gadgets/2019/06/google-is-killing-youtubes-hangouts-on-air-this-year/",
    "name": "Hangouts on Air",
    "type": "service"
  },
  {
    "dateClose": "2019-12-04",
    "dateOpen": "2009-06-08",
    "description": "Google Translator Toolkit was a web application which allowed translators to edit and manage translations generated by Google Translate.",
    "link": "https://support.google.com/translatortoolkit/answer/9462068",
    "name": "Google Translator Toolkit",
    "type": "service"
  },
  {
    "dateClose": "2019-09-30",
    "dateOpen": "2013-04-18",
    "description": "G Suite Training (previously known as Synergyse) provided interactive and video-based training for 20 Google G Suite products in nine languages through a website and a Chrome extension.",
    "link": "https://web.archive.org/web/20190929005809/https://support.google.com/a/answer/7039472",
    "name": "G Suite Training",
    "type": "service"
  },
  {
    "dateClose": "2016-04-01",
    "dateOpen": "2015-12-07",
    "description": "uWeave (pronounced “micro weave”) was an implementation of the Weave protocol intended for use on microcontroller based devices.",
    "link": "https://weave.googlesource.com/weave/libweave/+log/master/third_party/libuweave",
    "name": "uWeave",
    "type": "app"
  },
  {
    "dateClose": "2016-06-30",
    "dateOpen": "2013-11-01",
    "description": "Google Wallet Card was a prepaid debit card that let users pay for things in person and online using their Wallet balance at any retailer that accepted MasterCard.",
    "link": "https://www.androidauthority.com/google-wallet-cards-stop-working-june-30-683270/",
    "name": "Google Wallet Card",
    "type": "hardware"
  },
  {
    "dateClose": "2021-12-31",
    "dateOpen": "2010-10-20",
    "description": "AngularJS was a JavaScript open-source front-end web framework based on MVC pattern using a dependency injection technique.",
    "link": "https://blog.angular.io/stable-angularjs-and-long-term-support-7e077635ee9c",
    "name": "AngularJS",
    "type": "service"
  },
  {
    "dateClose": "2019-12-31",
    "dateOpen": "2012-09-27",
    "description": "Field Trip was a mobile app that acted as a virtual tour guide by cross referencing multiple sources of information to provide users information about points of interest near them.",
    "link": "https://en.wikipedia.org/wiki/Field_Trip_(application)",
    "name": "Field Trip",
    "type": "app"
  },
  {
    "dateClose": "2020-07-31",
    "dateOpen": "2019-01-24",
    "description": "Focals were a custom-built smart glasses product with a transparent, holographic display that allowed users to read and respond to text messages, navigate turn-by-turn directions, check the weather, and integrate with third-party services like Uber and Amazon Alexa.",
    "link": "https://techcrunch.com/2020/06/30/google-acquires-smart-glasses-company-north-whose-focals-2-0-wont-ship/",
    "name": "Focals by North",
    "type": "hardware"
  },
  {
    "dateClose": "2019-07-05",
    "dateOpen": "2018-08-01",
    "description": "Dragonfly was a search engine designed to be compatible with China's state censorship provisions.",
    "link": "https://en.wikipedia.org/wiki/Dragonfly_(search_engine)",
    "name": "Dragonfly",
    "type": "service"
  },
  {
    "dateClose": "2012-04-20",
    "dateOpen": "2011-08-17",
    "description": "Google Related was introduced to be an experimental navigation assistant launched to help people find useful and interesting information while surfing the web.",
    "link": "https://googleblog.blogspot.com/2012/04/spring-cleaning-in-spring.html",
    "name": "Google Related",
    "type": "service"
  },
  {
    "dateClose": "2020-02-04",
    "dateOpen": "2012-12-12",
    "description": "Google Fiber TV was an IPTV service that was bundled with Google Fiber.",
    "link": "https://www.theverge.com/2020/2/4/21123050/google-fiber-tv-package-removed-internet-service-high-speed",
    "name": "Google Fiber TV",
    "type": "service"
  },
  {
    "dateClose": "2019-10-01",
    "dateOpen": "2013-11-21",
    "description": "Message Center is a web console where Gmail users view and manage spam email messages.",
    "link": "https://support.google.com/a/answer/9275489",
    "name": "Message Center",
    "type": "service"
  },
  {
    "dateClose": "2018-05-08",
    "dateOpen": "2013-11-20",
    "description": "Google Play Newsstand was a news aggregator and digital newsstand service.",
    "link": "https://en.wikipedia.org/wiki/Google_Play_Newsstand",
    "name": "Google Play Newsstand",
    "type": "app"
  },
  {
    "dateClose": "2016-09-30",
    "dateOpen": "2015-08-20",
    "description": "Together was a watch face for Android Wear that let two users link their watches together to share small visual messages.",
    "link": "http://web.archive.org/web/20160417063132/https://www.android.com/wear/together/",
    "name": "Together",
    "type": "app"
  },
  {
    "dateClose": "2013-06-07",
    "dateOpen": "2011-07-11",
    "description": "Punchd was a digital loyalty card app and service targeted towards small businesses that originated as a student project at Cal Poly in 2009 and was acquired by Google in 2011.",
    "link": "http://getpunchd.com/",
    "name": "Punchd",
    "type": "service"
  },
  {
    "dateClose": "2020-02-06",
    "dateOpen": "2011-02-08",
    "description": "Androidify allowed users to create a custom Android avatar of for themselves and for others.",
    "link": "https://9to5google.com/2020/02/06/google-removes-androidify-app/",
    "name": "Androidify",
    "type": "app"
  },
  {
    "dateClose": "2020-12-01",
    "dateOpen": "2016-12-05",
    "description": "Trusted Contacts was an app that allowed users to share their location and view the location of specific users.",
    "link": "https://arstechnica.com/gadgets/2020/10/google-shuts-down-trusted-contacts-its-emergency-location-sharing-app/",
    "name": "Trusted Contacts",
    "type": "app"
  },
  {
    "dateClose": "2017-01-01",
    "dateOpen": "2010-03-03",
    "description": "Google Gesture Search allowed users to search contacts, applications, settings, music and bookmark on their Android device by drawing letters or numbers onto the screen.",
    "link": "https://en.wikipedia.org/wiki/Google_Gesture_Search",
    "name": "Gesture Search",
    "type": "app"
  },
  {
    "dateClose": "2020-10-19",
    "dateOpen": "2017-11-15",
    "description": "Nest Secure was a security system with an alarm, keypad, and motion sensor with embedded microphone.",
    "link": "https://www.androidpolice.com/2020/10/19/google-confirms-the-nest-secure-has-been-discontinued/",
    "name": "Nest Secure",
    "type": "hardware"
  },
  {
    "dateClose": "2021-06-30",
    "dateOpen": "2015-08-01",
    "description": "Expeditions is a program for providing virtual reality experiences to school classrooms through Google Cardboard viewers, allowing educators to take their students on virtual field trips.",
    "link": "https://en.wikipedia.org/wiki/Google_Expeditions",
    "name": "Expeditions",
    "type": "app"
  },
  {
    "dateClose": "2020-12-11",
    "dateOpen": "2016-05-23",
    "description": "Science Journal was a mobile app that helped you run science experiments with your smartphone using the device's onboard sensors.",
    "link": "https://sciencejournal.withgoogle.com",
    "name": "Science Journal",
    "type": "app"
  },
  {
    "dateClose": "2021-06-30",
    "dateOpen": "2018-05-09",
    "description": "Tour Creator allowed users to build immersive, 360° guided tours that could be viewed with VR devices.",
    "link": "https://www.theverge.com/2020/11/13/21564279/google-expeditions-vr-cardboard-tours-shutdown-arts-culture-app-migration",
    "name": "Tour Creator",
    "type": "app"
  },
  {
    "dateClose": "2019-11-07",
    "dateOpen": "2019-06-13",
    "description": "Game Builder was a multiplayer 3D game environment for creating new games without coding experience.",
    "link": "https://steamcommunity.com/games/929860/announcements/detail/1608276251516057010",
    "name": "Game Builder",
    "type": "app"
  },
  {
    "dateClose": "2021-06-30",
    "dateOpen": "2017-11-01",
    "description": "Poly was a distribution platform for creators to share 3D objects.",
    "link": "https://support.google.com/poly/answer/10192635",
    "name": "Poly",
    "type": "service"
  },
  {
    "dateClose": "2020-12-14",
    "dateOpen": "2017-12-11",
    "description": "Google Home Max was a large, stereo smart speaker with two tweeters and subwoofers, aux input, and a USB-C input (for wired ethernet) featuring Smart Sound machine learning technology.",
    "link": "https://9to5google.com/2020/12/14/google-home-max-discontinued/",
    "name": "Google Home Max",
    "type": "hardware"
  },
  {
    "dateClose": "2020-07-30",
    "dateOpen": "2018-05-08",
    "description": "Sceneform SDK for Android was a library and toolset for building AR scenes.",
    "link": "https://stackoverflow.com/questions/62453399/google-sceneform-is-it-deprecated-any-replacement",
    "name": "Sceneform SDK for Android",
    "type": "app"
  },
  {
    "dateClose": "2021-01-22",
    "dateOpen": "2014-06-14",
    "description": "Loon was a service to provide internet access via an array of high-altitude balloons hovering in the Earth's stratsophere",
    "link": "https://www.theverge.com/2021/1/21/22243484/alphabet-google-shutting-down-loon-internet-balloon-company-x",
    "name": "Loon",
    "type": "service"
  }
]
